{"name":"rdeeds_350k-metoo-tweets","title":"350k MeToo tweets","description":"Data from twitter since october 2017 grabbing tweets with metoo.\n\n# About this Dataset\nTweets from October of 2017 that had metoo in them \n\n# Objectives\nNo real objective just picked this up from twitter with a research bot i created\n\n# Background\nI use python and sql to hit twitter's api and search for different hashtags. Metoo was one of them.","homepage":"https://data.world/rdeeds/350k-metoo-tweets","resources":[{"name":"metootweets","schema":{"fields":[{"name":"id","title":"id","description":"my internal db id for the tweets","type":"integer","rdfType":"http://www.w3.org/2001/XMLSchema#integer","dwSourceId":"id"},{"name":"insertdate","title":"insertdate","description":"when it was inserted into the db","type":"string","rdfType":"http://www.w3.org/2001/XMLSchema#string","dwSourceId":"insertdate"},{"name":"twitterhandle","title":"twitterhandle","description":"who tweeted this out","type":"string","rdfType":"http://www.w3.org/2001/XMLSchema#string","dwSourceId":"twitterhandle"},{"name":"followers","title":"followers","description":"number of followers at time of tweet","type":"integer","rdfType":"http://www.w3.org/2001/XMLSchema#integer","dwSourceId":"followers"},{"name":"hashtagsearched","title":"hashtagsearched","description":"the hashtag i picked this tweet up on - in this case metoo","type":"string","rdfType":"http://www.w3.org/2001/XMLSchema#string","dwSourceId":"hashtagsearched"},{"name":"tweetid","title":"tweetid","description":"The actual id of the tweet from twitter","type":"integer","rdfType":"http://www.w3.org/2001/XMLSchema#integer","dwSourceId":"tweetid"},{"name":"dateoftweet","title":"dateoftweet","description":"when the date was sent","type":"string","rdfType":"http://www.w3.org/2001/XMLSchema#string","dwSourceId":"dateoftweet"},{"name":"text","title":"text","description":"The tweet","type":"string","rdfType":"http://www.w3.org/2001/XMLSchema#string","dwSourceId":"text"},{"name":"lastcontactdate","title":"lastcontactdate","type":"string","rdfType":"http://www.w3.org/2001/XMLSchema#string","dwSourceId":"lastcontactdate"},{"name":"lasttimelinepull","title":"lasttimelinepull","type":"string","rdfType":"http://www.w3.org/2001/XMLSchema#string","dwSourceId":"lasttimelinepull"},{"name":"lasttimetweetsanalyzed","title":"lasttimetweetsanalyzed","type":"string","rdfType":"http://www.w3.org/2001/XMLSchema#string","dwSourceId":"lasttimetweetsanalyzed"},{"name":"numberoftweetsanalysed","title":"numberoftweetsanalysed","type":"string","rdfType":"http://www.w3.org/2001/XMLSchema#string","dwSourceId":"numberoftweetsanalysed"},{"name":"numberoftweetsabouthash","title":"numberoftweetsabouthash","type":"string","rdfType":"http://www.w3.org/2001/XMLSchema#string","dwSourceId":"numberoftweetsabouthash"},{"name":"actualtwitterdate","title":"actualtwitterdate","type":"string","rdfType":"http://www.w3.org/2001/XMLSchema#string","dwSourceId":"actualtwitterdate"}]},"path":"data/metootweets.csv","format":"csv"},{"name":"original/metootweets.csv","path":"original/metootweets.csv","format":"csv","mediatype":"text/csv","bytes":128784341}],"keywords":["metoo","twitter"]}