{"name":"dear_metoo","title":"#MeToo","description":"A collection of tweets containing the #metoo hashtag.\n\n### This data is divided into two category depending on whether the tweets are geo-tagged or not.\n\ngeo_unigram.info.txt (6183 unigrams)\n1. ID\n2. unigram\n\t\nnongeo_unigram.info.txt (74749 unigrams)\n1. ID\n2. unigram\n\ngeo_tweet.info.txt (1807 geotagged tweets)\n1. ID\n2. Continent (Asia or U.S.)\n3. Gender information (Male, Female if the tweets have this info otherwise NA)\t\n\nnongeo_tweet.info.txt (71082 non-geotagged tweets)\n1. ID\n2. NA\n3. NA\n\ngeo_unigram_frequency.txt\n1. ID (unigram ID from geo_unigram.info.txt file)\n2. frequency \n3. Twitter ID (ID from geo_tweet.info.txt)\n\n\nnongeo_unigram_frequency.txt\n1. ID (unigram ID from nongeo_unigram.info.txt file)\n2. frequency        \n3. Twitter ID (ID from nongeo_tweet.info.txt)","homepage":"https://data.world/dear/metoo","license":"Public Domain","resources":[{"name":"original/geo_tweet.info.txt","path":"original/geo_tweet.info.txt","format":"txt","mediatype":"text/plain","bytes":181840},{"name":"original/geo_unigram.info.txt","path":"original/geo_unigram.info.txt","format":"txt","mediatype":"text/plain","bytes":79579},{"name":"original/geo_unigram_frequency.txt","path":"original/geo_unigram_frequency.txt","format":"txt","mediatype":"text/plain","bytes":295415},{"name":"original/nongeo_tweet.info.txt","path":"original/nongeo_tweet.info.txt","format":"txt","mediatype":"text/plain","bytes":7389209},{"name":"original/nongeo_unigram.info.txt","path":"original/nongeo_unigram.info.txt","format":"txt","mediatype":"text/plain","bytes":1135563},{"name":"original/nongeo_unigram_frequency.txt","path":"original/nongeo_unigram_frequency.txt","format":"txt","mediatype":"text/plain","bytes":14068176}],"keywords":["twitter","metoo","sexual harassment"]}